<?xml version="1.0" encoding="UTF-8"?>
<metadata xml:lang="en"><Esri><CreaDate>20160108</CreaDate><CreaTime>11301600</CreaTime><ArcGISFormat>1.0</ArcGISFormat><ArcGISstyle>INSPIRE Metadata Directive</ArcGISstyle><SyncOnce>FALSE</SyncOnce><DataProperties><itemProps><itemName Sync="TRUE">DECC_OFF_Renewable_Energy_and_Gas_Importation_and_Storage_Zone</itemName><imsContentType Sync="TRUE">002</imsContentType><itemSize Sync="TRUE">0.000</itemSize><itemLocation><linkage Sync="TRUE">file://\\edufs1\Share Area\Mapping and GIS\EDU-LED\Publishing\DECC_OFF\DECC_OFF_Renewable_Energy_and_Gas_Importation_and_Storage_Zone.shp</linkage><protocol Sync="TRUE">Local Area Network</protocol></itemLocation></itemProps><coordRef><type Sync="TRUE">Geographic</type><geogcsn Sync="TRUE">GCS_European_1950</geogcsn><csUnits Sync="TRUE">Angular Unit: Degree (0.017453)</csUnits><peXml Sync="TRUE">&lt;GeographicCoordinateSystem xsi:type='typens:GeographicCoordinateSystem' xmlns:xsi='http://www.w3.org/2001/XMLSchema-instance' xmlns:xs='http://www.w3.org/2001/XMLSchema' xmlns:typens='http://www.esri.com/schemas/ArcGIS/10.3'&gt;&lt;WKT&gt;GEOGCS[&amp;quot;GCS_European_1950&amp;quot;,DATUM[&amp;quot;D_European_1950&amp;quot;,SPHEROID[&amp;quot;International_1924&amp;quot;,6378388.0,297.0]],PRIMEM[&amp;quot;Greenwich&amp;quot;,0.0],UNIT[&amp;quot;Degree&amp;quot;,0.0174532925199433],AUTHORITY[&amp;quot;EPSG&amp;quot;,4230]]&lt;/WKT&gt;&lt;XOrigin&gt;-400&lt;/XOrigin&gt;&lt;YOrigin&gt;-400&lt;/YOrigin&gt;&lt;XYScale&gt;11258999068426.238&lt;/XYScale&gt;&lt;ZOrigin&gt;-100000&lt;/ZOrigin&gt;&lt;ZScale&gt;10000&lt;/ZScale&gt;&lt;MOrigin&gt;-100000&lt;/MOrigin&gt;&lt;MScale&gt;10000&lt;/MScale&gt;&lt;XYTolerance&gt;8.9827993394384784e-009&lt;/XYTolerance&gt;&lt;ZTolerance&gt;0.001&lt;/ZTolerance&gt;&lt;MTolerance&gt;0.001&lt;/MTolerance&gt;&lt;HighPrecision&gt;true&lt;/HighPrecision&gt;&lt;LeftLongitude&gt;-180&lt;/LeftLongitude&gt;&lt;WKID&gt;4230&lt;/WKID&gt;&lt;LatestWKID&gt;4230&lt;/LatestWKID&gt;&lt;/GeographicCoordinateSystem&gt;</peXml></coordRef><lineage><Process ToolSource="C:\Program Files\ArcGIS\Desktop10.0\ArcToolbox\Toolboxes\Data Management Tools.tbx\FeatureToPolygon" Date="20141222" Time="092016">FeatureToPolygon New_Shapefile(2);UK_EEZ_WGS84;TS_bdry_UK_Fr "G:\Mapping and GIS\EDU-LED\Main\Data\Median\EEZ_WGS84.shp" # NO_ATTRIBUTES #</Process><Process ToolSource="C:\Program Files\ArcGIS\Desktop10.0\ArcToolbox\Toolboxes\Data Management Tools.tbx\Project" Date="20141222" Time="103259">Project EEZ_WGS84 "G:\Mapping and GIS\EDU-LED\Main\Data\Median\EEZ_ED50.shp" GEOGCS['GCS_European_1950',DATUM['D_European_1950',SPHEROID['International_1924',6378388.0,297.0]],PRIMEM['Greenwich',0.0],UNIT['Degree',0.0174532925199433]] ED_1950_To_WGS_1984_18 GEOGCS['GCS_WGS_1984',DATUM['D_WGS_1984',SPHEROID['WGS_1984',6378137.0,298.257223563]],PRIMEM['Greenwich',0.0],UNIT['Degree',0.0174532925199433]]</Process><Process ToolSource="c:\program files (x86)\arcgis\desktop10.3\ArcToolbox\Toolboxes\Data Management Tools.tbx\CopyFeatures" Date="20150827" Time="114928">CopyFeatures "\\edufs1\Share Area\Mapping and GIS\EDU-LED\Main\Data\Median\EEZ_ED50.shp" "Database Connections\Connection to local_oracle.sde\ESRIMGR.Offshore_Boundaries\ESRIMGR.EEZ_ED50" # 0 0 0</Process><Process Name="Feature Class to Feature Class (27)" ToolSource="c:\program files (x86)\arcgis\desktop10.3\ArcToolbox\Toolboxes\Conversion Tools.tbx\FeatureClassToFeatureClass" Date="20160104" Time="110447">FeatureClassToFeatureClass "Database Connections\Connection to local_oracle.sde\ESRIMGR.Offshore_Boundaries_ED50\ESRIMGR.EEZ_ED50" "\\edufs1\Share Area\Mapping and GIS\EDU-LED\Publishing\DECC_OFF.gdb\DECC_OFF" DECC_OFF_Renewable_Energy_and_Gas_Importation_and_Storage_Zone # "ID "ID" true true false 4 Long 0 6 ,First,#,Database Connections\Connection to local_oracle.sde\ESRIMGR.Offshore_Boundaries_ED50\ESRIMGR.EEZ_ED50,ID,-1,-1;AREA "AREA" true true false 100 Text 0 0 ,First,#,Database Connections\Connection to local_oracle.sde\ESRIMGR.Offshore_Boundaries_ED50\ESRIMGR.EEZ_ED50,ESRIMGR.EEZ_ED50.AREA,-1,-1;SHAPE_AREA "SHAPE_AREA" false false true 0 Double 0 0 ,First,#,Database Connections\Connection to local_oracle.sde\ESRIMGR.Offshore_Boundaries_ED50\ESRIMGR.EEZ_ED50,SHAPE.AREA,-1,-1;SHAPE_LEN "SHAPE_LEN" false false true 0 Double 0 0 ,First,#,Database Connections\Connection to local_oracle.sde\ESRIMGR.Offshore_Boundaries_ED50\ESRIMGR.EEZ_ED50,SHAPE.LEN,-1,-1" #</Process><Process ToolSource="c:\program files (x86)\arcgis\desktop10.3\ArcToolbox\Toolboxes\Data Management Tools.tbx\CopyFeatures" Date="20160104" Time="111246">CopyFeatures "G:\Mapping and GIS\EDU-LED\Publishing\DECC_OFF.gdb\DECC_OFF_Renewable_Energy_and_Gas_Importation_and_Storage_Zone" "G:\Mapping and GIS\EDU-LED\Publishing\DECC_OFF\DECC_OFF_Renewable_Energy_and_Gas_Importation_and_Storage_Zone.shp" # 0 0 0</Process></lineage></DataProperties><SyncDate>20160104</SyncDate><SyncTime>11124500</SyncTime><ModDate>20160104</ModDate><ModTime>11124500</ModTime></Esri><dataIdInfo><envirDesc Sync="TRUE"> Version 6.2 (Build 9200) ; Esri ArcGIS 10.3.0.4322</envirDesc><dataLang><languageCode value="eng" Sync="TRUE"></languageCode><countryCode value="GBR" Sync="TRUE"></countryCode></dataLang><idCitation><resTitle Sync="TRUE">DECC_OFF_Renewable_Energy_and_Gas_Importation_and_Storage_Zone</resTitle><presForm><PresFormCd value="005" Sync="TRUE"></PresFormCd></presForm></idCitation><spatRpType><SpatRepTypCd value="001" Sync="TRUE"></SpatRepTypCd></spatRpType></dataIdInfo><mdLang><languageCode value="eng" Sync="TRUE"></languageCode><countryCode value="GBR" Sync="TRUE"></countryCode></mdLang><mdChar><CharSetCd value="004" Sync="TRUE"></CharSetCd></mdChar><distInfo><distFormat><formatName Sync="TRUE">Shapefile</formatName></distFormat><distTranOps><transSize Sync="TRUE">0.000</transSize></distTranOps></distInfo><mdHrLv><ScopeCd value="005" Sync="TRUE"></ScopeCd></mdHrLv><mdHrLvName Sync="TRUE">dataset</mdHrLvName><refSysInfo><RefSystem><refSysID><identCode code="4230" Sync="TRUE"></identCode><idCodeSpace Sync="TRUE">EPSG</idCodeSpace><idVersion Sync="TRUE">8.2.6</idVersion></refSysID></RefSystem></refSysInfo><spatRepInfo><VectSpatRep><geometObjs Name="DECC_OFF_Renewable_Energy_and_Gas_Importation_and_Storage_Zone"><geoObjTyp><GeoObjTypCd value="002" Sync="TRUE"></GeoObjTypCd></geoObjTyp><geoObjCnt Sync="TRUE">0</geoObjCnt></geometObjs><topLvl><TopoLevCd value="001" Sync="TRUE"></TopoLevCd></topLvl></VectSpatRep></spatRepInfo><spdoinfo><ptvctinf><esriterm Name="DECC_OFF_Renewable_Energy_and_Gas_Importation_and_Storage_Zone"><efeatyp Sync="TRUE">Simple</efeatyp><efeageom code="4" Sync="TRUE"></efeageom><esritopo Sync="TRUE">FALSE</esritopo><efeacnt Sync="TRUE">0</efeacnt><spindex Sync="TRUE">FALSE</spindex><linrefer Sync="TRUE">FALSE</linrefer></esriterm></ptvctinf></spdoinfo><eainfo><detailed Name="DECC_OFF_Renewable_Energy_and_Gas_Importation_and_Storage_Zone"><enttyp><enttypl Sync="TRUE">DECC_OFF_Renewable_Energy_and_Gas_Importation_and_Storage_Zone</enttypl><enttypt Sync="TRUE">Feature Class</enttypt><enttypc Sync="TRUE">0</enttypc></enttyp><attr><attrlabl Sync="TRUE">FID</attrlabl><attalias Sync="TRUE">FID</attalias><attrtype Sync="TRUE">OID</attrtype><attwidth Sync="TRUE">4</attwidth><atprecis Sync="TRUE">0</atprecis><attscale Sync="TRUE">0</attscale><attrdef Sync="TRUE">Internal feature number.</attrdef><attrdefs Sync="TRUE">Esri</attrdefs><attrdomv><udom Sync="TRUE">Sequential unique whole numbers that are automatically generated.</udom></attrdomv></attr><attr><attrlabl Sync="TRUE">Shape</attrlabl><attalias Sync="TRUE">Shape</attalias><attrtype Sync="TRUE">Geometry</attrtype><attwidth Sync="TRUE">0</attwidth><atprecis Sync="TRUE">0</atprecis><attscale Sync="TRUE">0</attscale><attrdef Sync="TRUE">Feature geometry.</attrdef><attrdefs Sync="TRUE">ESRI</attrdefs><attrdomv><udom Sync="TRUE">Coordinates defining the features.</udom></attrdomv></attr><attr><attrlabl Sync="TRUE">Id</attrlabl><attalias Sync="TRUE">ID</attalias><attrtype Sync="TRUE">Integer</attrtype><attwidth Sync="TRUE">10</attwidth><atprecis Sync="TRUE">10</atprecis><attscale Sync="TRUE">0</attscale></attr><attr><attrlabl Sync="TRUE">AREA</attrlabl><attalias Sync="TRUE">AREA</attalias><attrtype Sync="TRUE">String</attrtype><attwidth Sync="TRUE">100</attwidth><atprecis Sync="TRUE">0</atprecis><attscale Sync="TRUE">0</attscale></attr><attr><attrlabl Sync="TRUE">Shape_Leng</attrlabl><attalias Sync="TRUE">Shape_Leng</attalias><attrtype Sync="TRUE">Double</attrtype><attwidth Sync="TRUE">19</attwidth><atprecis Sync="TRUE">0</atprecis><attscale Sync="TRUE">0</attscale></attr><attr><attrlabl Sync="TRUE">Shape_Area</attrlabl><attalias Sync="TRUE">Shape_Area</attalias><attrtype Sync="TRUE">Double</attrtype><attwidth Sync="TRUE">19</attwidth><atprecis Sync="TRUE">0</atprecis><attscale Sync="TRUE">0</attscale><attrdef Sync="TRUE">Area of feature in internal units squared.</attrdef><attrdefs Sync="TRUE">Esri</attrdefs><attrdomv><udom Sync="TRUE">Positive real numbers that are automatically generated.</udom></attrdomv></attr></detailed></eainfo><mdDateSt Sync="TRUE">20160104</mdDateSt></metadata>
